/model.23/one2one_cv2.2/one2one_cv2.2.1/act/Mul_output_0_Mul_table,0x00000000,764e303bc93262db946bbe38e62d2282,256
/model.23/one2one_cv2.2/one2one_cv2.2.1/conv/Conv_output_0_Conv_bias_packed,0x00000100,3e126e09300232fabfadda4e99f4972f,288
/model.23/one2one_cv2.2/one2one_cv2.2.1/conv/Conv_output_0_Conv_filter_reordered,0x00000220,a00d110aec469c12e6830475e6e198e0,9216
/model.23/one2one_cv2.2/one2one_cv2.2.0/act/Mul_output_0_Mul_table,0x00002620,edb36a33aaa1aad7b9cb4cc98b58439f,256
/model.23/one2one_cv2.2/one2one_cv2.2.0/conv/Conv_output_0_Conv_filter_reordered,0x00002720,6d8c97581855ae50ec3c5e50417fa2c1,147456
/model.23/one2one_cv2.2/one2one_cv2.2.0/conv/Conv_output_0_Conv_bias_packed,0x00026720,fb018189088233647bd9f09605e58ec6,288
/model.23/one2one_cv3.2/one2one_cv3.2.2/Conv_output_0_Conv_filter_reordered,0x00026840,01f8a4da79b64d41eb3b00e6f69608de,128
/model.23/one2one_cv3.2/one2one_cv3.2.2/Conv_output_0_Conv_bias_packed,0x000268c0,dfdf6e3b744aaead4184f37e256721aa,9
/model.23/one2one_cv3.2/one2one_cv3.2.1/one2one_cv3.2.1.1/act/Mul_output_0_Mul_table,0x000268d0,a5f3a61c6d5af8129a3e97f05e3e7c48,256
/model.23/one2one_cv3.2/one2one_cv3.2.1/one2one_cv3.2.1.0/act/Mul_output_0_Mul_table,0x000269d0,7cec4bb7cffe6a5c2b104d321e3c86c5,256
/model.23/one2one_cv3.2/one2one_cv3.2.1/one2one_cv3.2.1.0/conv/Conv_output_0_Conv_filter_reordered,0x00026ad0,e9bbbd8c7ab49b7fd4bbb64125ba5a5a,1152
/model.23/one2one_cv3.2/one2one_cv3.2.0/one2one_cv3.2.0.1/act/Mul_output_0_Mul_table,0x00026f50,1d4f1b4baa7b6a6574d78ac69694255f,256
/model.23/one2one_cv3.2/one2one_cv3.2.0/one2one_cv3.2.0.1/conv/Conv_output_0_Conv_filter_reordered,0x00027050,0e65ad4e5a38bf30cf76b68be7dc9b3d,65536
/model.23/one2one_cv3.2/one2one_cv3.2.0/one2one_cv3.2.0.1/conv/Conv_output_0_Conv_bias_packed,0x00037050,c889bdba3e6c2c43de78269db5c5efdf,1152
/model.22/cv2/act/Mul_output_0_Mul_table,0x000374d0,6451c27b172b5074201e81e9b2c7d4ab,256
/model.22/cv2/conv/Conv_output_0_Conv_bias_packed,0x000375d0,45b015620cdd29f850abbc05ab81df4c,4608
/model.22/m.0/m.0.1/ffn/ffn.1/conv/Conv_output_0_Conv_filter_reordered,0x000387d0,e4a6593554812dfff80fa58a4a8e5afc,131072
/model.22/m.0/m.0.1/ffn/ffn.0/act/Mul_output_0_Mul_table,0x000587d0,92a51c551f8ba3c2ce44b825f988f3b3,256
/model.22/m.0/m.0.1/ffn/ffn.0/conv/Conv_output_0_Conv_filter_reordered,0x000588d0,f98319c882dd378517800c3ffc09342e,131072
/model.22/m.0/m.0.1/attn/proj/conv/Conv_output_0_Conv_bias_packed,0x000788d0,be1f54b9fa8b7876f8f9414ed657c4ea,2304
/model.22/m.0/m.0.1/attn/qkv/conv/Conv_output_0_Conv_slice_0_bias_packed,0x000791d0,7d9f623473f64752eb5921a89d553168,2304
/model.22/m.0/m.0.1/attn/qkv/conv/Conv_output_0_Conv_slice_1_filter_reordered,0x00079ad0,4a146c0117a39d9ba56d29658ba64bc3,32768
/model.22/m.0/m.0.1/attn/qkv/conv/Conv_output_0_Conv_slice_1_bias_packed,0x00081ad0,e4915f20fa371836a78e8f5a8b69bb38,1152
/model.22/m.0/m.0.1/attn/qkv/conv/Conv_output_0_Conv_slice_2_bias_packed,0x00081f50,41f0a28016cf4c8b2ccdbd29c9ef9d09,1152
/model.22/m.0/m.0.0/cv2/act/Mul_output_0_Mul_table,0x000823d0,933b0ceae46e08fd7cc43dc68acef6de,256
/model.22/m.0/m.0.0/cv2/conv/Conv_output_0_Conv_bias_packed,0x000824d0,438025bcfa7040855f5c5046db77e8e7,2304
/model.22/m.0/m.0.0/cv1/act/Mul_output_0_Mul_table,0x00082dd0,bc4aa9745b1a3079186c35c096ea993f,256
/model.22/m.0/m.0.0/cv1/conv/Conv_output_0_Conv_bias_packed,0x00082ed0,7bbbad91d8a4d336b55ad909d7b892a2,1152
/model.22/cv1/conv/Conv_output_0_Conv_filter_reordered,0x00083350,646878bbf7d765cb4f377d775ab34400,393216
/model.22/cv1/conv/Conv_output_0_Conv_bias_packed,0x000e3350,e1a1cf6eb0cbb4799b09b21189b49810,4608
/model.10/cv1/act/Mul_output_0_Mul_table,0x000e4550,5a59f42a2b3aa1d107b5fef02a1e774f,256
/model.19/m.0/m/m.1/cv1/conv/Conv_output_0_Conv_filter_reordered,0x000e4650,715c749e69820af2e4f0c6764d604705,36864
/model.10/m/m.0/ffn/ffn.1/conv/Conv_output_0_Conv_filter_reordered,0x000ed650,a043aa4f46b0e6d92a2aacd6e30391ec,131072
/model.22/cv2/conv/Conv_output_0_Conv_filter_reordered,0x0010d650,1c52d00b88f1e4855bc676bd0cf61ca1,393216
/model.9/cv2/act/Mul_output_0_Mul_table,0x0016d650,2b6e365fb346b469523c3432fa407d31,256
/model.8/m.0/m/m.1/cv2/conv/Conv_output_0_Conv_filter_reordered,0x0016d750,1709d8a3ddfebf028398b07a549eb6c6,147456
/model.23/one2one_cv3.0/one2one_cv3.0.1/one2one_cv3.0.1.1/act/Mul_output_0_Mul_table,0x00191750,c425f9d9a29dc7921bac462156cfb138,256
/model.10/m/m.0/attn/Softmax_output_0_Softmax_slope_slope_table_bf16,0x00191850,4d4e3422dc2d478598fd158ca28969b3,512
/model.10/m/m.0/attn/Softmax_output_0_Softmax_slope_table_bf16,0x00191a50,ac8c9fd3dc763bcc460b6298d6171458,512
/model.16/m.0/cv3/act/Mul_output_0_Mul_table,0x00191c50,b09550fdc4d9d5f16649616c523b294d,256
/model.10/m/m.0/attn/qkv/conv/Conv_output_0_Conv_slice_0_filter_reordered,0x00191d50,efaa9fc65d0ed32320d03ee4f8077629,65536
/model.9/cv1/conv/Conv_output_0_Conv_filter_reordered,0x001a1d50,9450ce2846ee414212062fa5f8f1163a,131072
/model.10/m/m.0/attn/Softmax_output_0_Softmax_pow_mantissa_table_bf16,0x001c1d50,b03a305a67c67db9b63f5160933c8931,512
/model.10/m/m.0/attn/qkv/conv/Conv_output_0_Conv_slice_1_filter_reordered,0x001c1f50,788f4e9c7848d7f6eee598c9d090541c,32768
/model.13/cv1/conv/Conv_output_0_Conv_bias_packed,0x001c9f50,b52580db899f3fc7f828502caa74c12b,2304
/model.10/m/m.0/attn/pe/conv/Conv_output_0_Conv_filter_reordered,0x001ca850,a305ddb74744a8859574251cc3f9ca03,2304
/model.23/one2one_cv3.1/one2one_cv3.1.1/one2one_cv3.1.1.1/conv/Conv_output_0_Conv_filter_reordered,0x001cb150,3c32fb07786d4373eab052e0700a5146,16384
/model.13/m.0/m/m.1/cv1/conv/Conv_output_0_Conv_filter_reordered,0x001cf150,173ae94a5c9b80021a1703d95d46eece,36864
/model.22/m.0/m.0.1/attn/proj/conv/Conv_output_0_Conv_filter_reordered,0x001d8150,452c8153148670c6ad07ed5bac075272,65536
/model.23/one2one_cv2.1/one2one_cv2.1.0/conv/Conv_output_0_Conv_filter_reordered,0x001e8150,79727c21f5e9b0bbdf8f8b52c9ef900d,73728
/model.16/m.0/cv1/conv/Conv_output_0_Conv_bias_packed,0x001fa150,8e3684def7328e14f91ddf4cd47c96a5,288
/model.16/cv2/conv/Conv_output_0_Conv_bias_packed,0x001fa270,3b1a3288cf8936b331af93b0bf49ce6b,1152
/model.8/cv2/conv/Conv_output_0_Conv_filter_reordered,0x001fa6f0,5b9160c935c6242d2d537025582da4ad,393216
/model.10/m/m.0/ffn/ffn.0/conv/Conv_output_0_Conv_filter_reordered,0x0025a6f0,aaceac44d700a1cd9fcab50eb9278fb5,131072
/model.8/cv2/conv/Conv_output_0_Conv_bias_packed,0x0027a6f0,211168b8f331349900be20ca5b5a42cf,4608
/model.6/m.0/m/m.1/cv1/conv/Conv_output_0_Conv_bias_packed,0x0027b8f0,5653e5038501906e37efc807faf24621,576
/model.23/one2one_cv3.0/one2one_cv3.0.0/one2one_cv3.0.0.0/act/Mul_output_0_Mul_table,0x0027bb30,b9433771e31004fb8b29c1954ec3c6d1,256
/model.11/Resize_output_0_Resize_bias_packed,0x0027bc30,39e49749a69d249d8391138f98a830c6,2560
/model.10/cv1/conv/Conv_output_0_Conv_filter_reordered,0x0027c630,7d76c334c6a2f7cf5067764a1d7a3604,262144
/model.6/m.0/m/m.0/cv2/conv/Conv_output_0_Conv_filter_reordered,0x002bc630,7f8b1bd5555ee81bc8981328eacce471,36864
/model.22/m.0/m.0.1/attn/qkv/conv/Conv_output_0_Conv_slice_0_filter_reordered,0x002c5630,6949ac7605397fa9947862775681677d,65536
/model.8/m.0/cv3/act/Mul_output_0_Mul_table,0x002d5630,0ce76b87fcdc899987f4025e9961f732,256
/model.19/m.0/cv3/act/Mul_output_0_Mul_table,0x002d5730,eba3ff4adb736f55ac09f2ba58e95947,256
/model.8/m.0/cv3/conv/Conv_output_0_Conv_filter_reordered,0x002d5830,120a6a8ffba0986dee9e085484eee00c,65536
/model.23/one2one_cv2.1/one2one_cv2.1.2/Conv_output_0_Conv_bias_packed,0x002e5830,0f014b4431545eea3f6d714fe0c5b33e,36
/model.10/cv2/act/Mul_output_0_Mul_table,0x002e5860,b2f28a11ae76d6d9aaf7507f82a5477c,256
/model.10/m/m.0/ffn/ffn.0/conv/Conv_output_0_Conv_bias_packed,0x002e5960,10749bd2cf031471f533f5f6ad80eb14,4608
/model.10/cv2/conv/Conv_output_0_Conv_bias_packed,0x002e6b60,45a896d28cb9f4195f14cd1b9a4621c6,4608
/model.10/m/m.0/attn/qkv/conv/Conv_output_0_Conv_slice_0_bias_packed,0x002e7d60,92ef3f2d270ca41eedeca923af8d2c59,2304
/model.4/cv1/conv/Conv_output_0_Conv_bias_packed,0x002e8660,17f632c7e38cf6e65e1ecadc2c8995d8,1152
/model.8/m.0/cv3/conv/Conv_output_0_Conv_bias_packed,0x002e8ae0,d23a23db6b2156c3b91b027a1d0e2693,2304
/model.4/m.0/cv2/conv/Conv_output_0_Conv_bias_packed,0x002e93e0,350791331ebeb287a9ec1b3d5e058063,576
/model.8/m.0/m/m.1/cv2/conv/Conv_output_0_Conv_bias_packed,0x002e9620,165a5181c43104a42f23e6c59aab15d5,1152
/model.8/m.0/m/m.1/cv1/conv/Conv_output_0_Conv_filter_reordered,0x002e9aa0,37c216ece190dd7763ae6a1c2d3069af,147456
/model.8/m.0/m/m.1/cv1/conv/Conv_output_0_Conv_bias_packed,0x0030daa0,e12454c04cd05c11f14184969f1b0cb0,1152
/model.8/m.0/m/m.1/cv2/act/Mul_output_0_Mul_table,0x0030df20,833f9520d535135041280b4d9ba8797e,256
/model.6/m.0/cv1/conv/Conv_output_0_Conv_filter_reordered,0x0030e020,c93903411b87b2fe80399555cc8c3f68,8192
/model.8/m.0/m/m.0/cv2/conv/Conv_output_0_Conv_bias_packed,0x00310020,5382cdcb314d0f2f3bb6db978224a7b4,1152
/model.0/conv/Conv_output_0_Conv_filter_reordered,0x003104a0,8aca8dc327e34cd0aa8ef2916a353e2f,1152
/model.22/m.0/m.0.1/attn/qkv/conv/Conv_output_0_Conv_slice_2_filter_reordered,0x00310920,f2c381c019c3100137535092c4308c23,32768
/model.16/m.0/cv3/conv/Conv_output_0_Conv_bias_packed,0x00318920,16aa587c295619711aa190add42b3b86,576
/model.19/m.0/cv1/conv/Conv_output_0_Conv_bias_packed,0x00318b60,ae4e15765ba116a15a64558b135cd654,576
/model.8/m.0/m/m.0/cv1/act/Mul_output_0_Mul_table,0x00318da0,861ca1eb6d4a46510525875f43a401f5,256
/model.8/m.0/cv2/act/Mul_output_0_Mul_table,0x00318ea0,919b81b4d58eb018b07ddb99ec370151,256
/model.8/m.0/m/m.0/cv1/conv/Conv_output_0_Conv_filter_reordered,0x00318fa0,827dc7a2fd7f75c01b2b552c1931abd2,147456
/model.22/m.0/m.0.1/attn/pe/conv/Conv_output_0_Conv_filter_reordered,0x0033cfa0,a28f06dfa838469f05f9399b9876eb46,2304
/model.8/m.0/cv2/conv/Conv_output_0_Conv_bias_packed,0x0033d8a0,376caea04c57992a31e5f3b086b043c2,1152
/model.16/cv2/act/Mul_output_0_Mul_table,0x0033dd20,b11b025b94b872a09dc734975658f1ad,256
/model.8/cv1/act/Mul_output_0_Mul_table,0x0033de20,ba3022e08398e101588d785a36de2997,256
/model.22/m.0/m.0.1/ffn/ffn.0/conv/Conv_output_0_Conv_bias_packed,0x0033df20,4b5cd4b573133938e339e01c900a6f42,4608
/model.23/one2one_cv2.1/one2one_cv2.1.1/conv/Conv_output_0_Conv_filter_reordered,0x0033f120,b3a657eaaa98bb35505490ecff5106a0,9216
/model.7/conv/Conv_output_0_Conv_bias_packed,0x00341520,7e1b4e9dee143bd9a070076c9bed27ff,4608
/model.2/cv2/conv/Conv_output_0_Conv_filter_reordered,0x00342720,68652a14c957a4f32d6cc71684a69aec,12288
/model.23/one2one_cv3.1/one2one_cv3.1.1/one2one_cv3.1.1.0/conv/Conv_output_0_Conv_filter_reordered,0x00345720,9858d114c0107266127c0bdcf36c2185,1152
/model.6/cv2/act/Mul_output_0_Mul_table,0x00345ba0,59746217a4aa6faad7f78e9b98f0870b,256
/model.13/m.0/cv2/act/Mul_output_0_Mul_table,0x00345ca0,47c4d4d41af6b248e0ef03821c68dd9b,256
/model.6/cv2/conv/Conv_output_0_Conv_bias_packed,0x00345da0,51556258a2d6480bffa695cb5c71f22e,2304
/model.23/one2one_cv3.2/one2one_cv3.2.0/one2one_cv3.2.0.0/act/Mul_output_0_Mul_table,0x003466a0,109b9c0b313bac9ab7728105463c7bc2,256
/model.6/m.0/cv3/act/Mul_output_0_Mul_table,0x003467a0,8ac1300c545999e0296669c1d7f0b53b,256
/model.8/cv1/conv/Conv_output_0_Conv_filter_reordered,0x003468a0,5a2e2f1817dadf44ef340a6f53e2df83,262144
/model.23/one2one_cv3.1/one2one_cv3.1.1/one2one_cv3.1.1.0/act/Mul_output_0_Mul_table,0x003868a0,2a5ce7e83c06c50c484af606e1b4464d,256
/model.23/one2one_cv3.2/one2one_cv3.2.1/one2one_cv3.2.1.1/conv/Conv_output_0_Conv_bias_packed,0x003869a0,23b5ecb26e83f19c2f50129891e614dd,1152
/model.7/conv/Conv_output_0_Conv_filter_reordered,0x00386e20,aab2c62a70ea9d32b4639504eb79b4ad,1179648
/model.23/one2one_cv3.0/one2one_cv3.0.1/one2one_cv3.0.1.0/conv/Conv_output_0_Conv_bias_packed,0x004a6e20,3010f6b78f3122506ee136e93ef5e200,1152
/model.13/m.0/cv3/act/Mul_output_0_Mul_table,0x004a72a0,8ca6227ddf78b9716e09fa23a8d0ecb2,256
/model.4/m.0/cv2/conv/Conv_output_0_Conv_filter_reordered,0x004a73a0,470a17192df1952585dd2374ccc6abed,18432
/model.3/act/Mul_output_0_Mul_table,0x004abba0,a6f067b93c60d9f59275f1eac3c13dae,256
/model.23/one2one_cv3.1/one2one_cv3.1.0/one2one_cv3.1.0.0/act/Mul_output_0_Mul_table,0x004abca0,ca8c3fc4772d6dabe4fd211afa0781ec,256
/model.2/cv2/conv/Conv_output_0_Conv_bias_packed,0x004abda0,0d148c487e9fa0cff13a7b41c0ce43a5,1152
/model.10/m/m.0/attn/proj/conv/Conv_output_0_Conv_filter_reordered,0x004ac220,e6b517225c0ea21349ff104f06b970e7,65536
/model.10/m/m.0/attn/Softmax_output_0_Softmax_pow_table_bf16,0x004bc220,e440c362c612682199b9525c4610e38d,512
/model.17/conv/Conv_output_0_Conv_bias_packed,0x004bc420,bfd8be0f5abf2239927569086f035728,1152
/model.4/m.0/cv1/conv/Conv_output_0_Conv_filter_reordered,0x004bc8a0,279c6c8455d22ec5d452370d87cc9350,18432
/model.4/cv2/conv/Conv_output_0_Conv_filter_reordered,0x004c10a0,c968fa03997c9c748e321e3e5d7ab191,49152
/model.23/one2one_cv3.2/one2one_cv3.2.0/one2one_cv3.2.0.0/conv/Conv_output_0_Conv_filter_reordered,0x004cd0a0,afef658eb7fa1b06e69be6f97e3057fb,4608
/model.23/one2one_cv3.1/one2one_cv3.1.0/one2one_cv3.1.0.1/conv/Conv_output_0_Conv_bias_packed,0x004ce2a0,c1ac2023dfb4cf7975eb454370e3f4b9,1152
/model.4/cv1/act/Mul_output_0_Mul_table,0x004ce720,cd33d938b388a0aff06946e6f07a74e9,256
/model.2/m.0/cv1/act/Mul_output_0_Mul_table,0x004ce820,78ac94a6265752f369cf019184f193ac,256
/model.6/cv2/conv/Conv_output_0_Conv_filter_reordered,0x004ce920,63aee0871c115f1ec0eb32cdec8de503,98304
/model.23/one2one_cv2.0/one2one_cv2.0.1/conv/Conv_output_0_Conv_filter_reordered,0x004e6920,0b0781813fd11a52cadf4ab9b57d0519,9216
/model.4/m.0/cv1/act/Mul_output_0_Mul_table,0x004e8d20,bd2c26c188946a10a4a0983c4d15f0b4,256
/model.3/conv/Conv_output_0_Conv_filter_reordered,0x004e8e20,65410f1d40275b8b86726d6ab9df1607,147456
/model.6/cv1/conv/Conv_output_0_Conv_filter_reordered,0x0050ce20,528a83f76006b71167e019e5f4fdca4f,65536
/model.13/m.0/m/m.0/cv2/act/Mul_output_0_Mul_table,0x0051ce20,ce33a25dcb4b4e0eb034e3a3f55a4330,256
/model.8/cv2/act/Mul_output_0_Mul_table,0x0051cf20,157a54159d1a52e1f980bbf2bb3b2d5b,256
/model.2/m.0/cv1/conv/Conv_output_0_Conv_filter_reordered,0x0051d020,f28604fae959bf76134545f386b4628f,4608
/model.8/m.0/m/m.0/cv2/act/Mul_output_0_Mul_table,0x0051e220,e896ce8fd703cb4c02a4be27e80bc253,256
/model.2/cv1/conv/Conv_output_0_Conv_bias_packed,0x0051e320,843fae236d163517efb307223a740be2,576
/model.3/conv/Conv_output_0_Conv_bias_packed,0x0051e560,e8ca218e15120906dd468d450ba4710a,1152
/model.23/one2one_cv3.0/one2one_cv3.0.0/one2one_cv3.0.0.0/conv/Conv_output_0_Conv_bias_packed,0x0051e9e0,44b9ad2843c18a973916abfee790581a,1152
/model.10/m/m.0/attn/Mul_output_0_Mul_table,0x0051ee60,e2c865db4162bed963bfaa9ef6ac18f0,256
/model.10/cv2/conv/Conv_output_0_Conv_filter_reordered,0x0051ef60,2c864fae04ccab00f6ce20d39e3c5d7a,262144
/model.16/cv1/conv/Conv_output_0_Conv_filter_reordered,0x0055ef60,25f3d10875516ae756d5be461dc8f13c,65536
/model.6/m.0/m/m.1/cv2/act/Mul_output_0_Mul_table,0x0056ef60,905b05d489316f63f81e56d2c8b03ebf,256
/model.22/cv1/act/Mul_output_0_Mul_table,0x0056f060,42342cec8ad240a733455c0b2051ee7d,256
/model.4/m.0/cv1/conv/Conv_output_0_Conv_bias_packed,0x0056f160,59e5f8ddfc9c097beaaa2dcdd8d47350,288
/model.0/act/Mul_output_0_Mul_table,0x0056f280,b5b26e4189a341e41622c3085b987234,256
/model.23/one2one_cv2.0/one2one_cv2.0.2/Conv_output_0_Conv_bias_packed,0x0056f380,24d739a27050d4ee347bc757a69f6025,36
/model.19/m.0/m/m.1/cv1/act/Mul_output_0_Mul_table,0x0056f3b0,ffb839fa0a6d732ecdf66330b359abb6,256
/model.23/one2one_cv2.1/one2one_cv2.1.2/Conv_output_0_Conv_filter_reordered,0x0056f4b0,ba9f283db1e664cb654d8b1cf7c6ab27,128
/model.7/act/Mul_output_0_Mul_table,0x0056f530,7db086244f1dfc17d5fed1c1c5339511,256
/model.19/m.0/cv1/act/Mul_output_0_Mul_table,0x0056f630,7bf7ef7dd8edfd2eca8671f744368d18,256
/model.2/m.0/cv1/conv/Conv_output_0_Conv_bias_packed,0x0056f730,5a3f34fbca6de643ced3c80f5cb408ba,144
/model.8/m.0/m/m.0/cv1/conv/Conv_output_0_Conv_bias_packed,0x0056f7c0,18870bdf5da853810893007478f50906,1152
/model.13/m.0/m/m.1/cv2/conv/Conv_output_0_Conv_filter_reordered,0x0056fc40,705d8f9b5f3c03c1795413acf6458419,36864
/model.23/one2one_cv3.2/one2one_cv3.2.1/one2one_cv3.2.1.0/conv/Conv_output_0_Conv_bias_packed,0x00578c40,762ae8f6beb43c4dfd219b07ead3bfe5,1152
/model.2/m.0/cv2/act/Mul_output_0_Mul_table,0x005790c0,493a45dae15f1bbd075eb6781b3cedc4,256
/model.1/act/Mul_output_0_Mul_table,0x005791c0,ff0bef8f194661e9c95ac9b823bfd807,256
/model.2/cv1/conv/Conv_output_0_Conv_filter_reordered,0x005792c0,c29fd0c2eb3e41af69d5f38d6e853bac,4096
/model.6/m.0/cv1/act/Mul_output_0_Mul_table,0x0057a2c0,2f45936e4588a91d81f6bd91d0c505db,256
/model.22/m.0/m.0.1/attn/pe/conv/Conv_output_0_Conv_bias_packed,0x0057a3c0,b0ebe5e803e2034224dae11e373822aa,2304
/model.10/m/m.0/ffn/ffn.1/conv/Conv_output_0_Conv_bias_packed,0x0057acc0,0037f65df36ce348be01679933141fdd,2304
/model.6/m.0/m/m.1/cv2/conv/Conv_output_0_Conv_bias_packed,0x0057b5c0,3b3dcb3a7e326a5d73fa306093f989c5,576
/model.6/m.0/cv3/conv/Conv_output_0_Conv_bias_packed,0x0057b800,064e4504f444d248f2611424acb27abb,1152
/model.23/one2one_cv3.0/one2one_cv3.0.0/one2one_cv3.0.0.1/conv/Conv_output_0_Conv_bias_packed,0x0057bc80,339a80765a9524927bc813c6ff5b53f5,1152
/model.23/one2one_cv2.1/one2one_cv2.1.0/act/Mul_output_0_Mul_table,0x0057c100,72b9bee14b95063cacdaa5f728a2889b,256
/model.2/cv1/act/Mul_output_0_Mul_table,0x0057c200,a1a7b985961b23b7d76b831afc794881,256
/model.10/m/m.0/attn/qkv/conv/Conv_output_0_Conv_slice_2_bias_packed,0x0057c300,2c7effeda103953b2916da821a2bbdde,1152
/model.6/m.0/cv2/conv/Conv_output_0_Conv_bias_packed,0x0057c780,9e21a41e5208ae013c27434b03d44702,576
/model.16/m.0/m/m.1/cv1/act/Mul_output_0_Mul_table,0x0057c9c0,98007f96e3cbcd0f0f0bb158a421c2f8,256
/model.23/one2one_cv2.2/one2one_cv2.2.2/Conv_output_0_Conv_bias_packed,0x0057cac0,b37f1e0451a1c0769cc4a379a2672d88,36
/model.5/conv/Conv_output_0_Conv_filter_reordered,0x0057caf0,817b5c2cdbc537cf5b277547589a5bd8,589824
/model.19/m.0/m/m.0/cv2/conv/Conv_output_0_Conv_filter_reordered,0x0060caf0,46b5e79092a6eab5c8a74c4dcbfc997f,36864
/model.2/m.0/cv2/conv/Conv_output_0_Conv_bias_packed,0x00615af0,eb595761f3cd11ee5a2d84bf3d3a4ac3,288
/model.10/m/m.0/ffn/ffn.0/act/Mul_output_0_Mul_table,0x00615c10,202a4f1ac53b20e37720338d7f9f1279,256
/model.5/act/Mul_output_0_Mul_table,0x00615d10,656de165ef4f597713a5b7babfc43529,256
/model.9/cv2/conv/Conv_output_0_Conv_bias_packed,0x00615e10,2fcbba3b56dac0646cfd7c990f4f62e2,4608
/model.10/m/m.0/attn/pe/conv/Conv_output_0_Conv_bias_packed,0x00617010,d4ecca808e12ebbf1813d651dc55fff4,2304
/model.8/m.0/m/m.0/cv2/conv/Conv_output_0_Conv_filter_reordered,0x00617910,2fc36ec3d4fa9df860cbc6482746f06b,147456
/model.6/m.0/m/m.0/cv1/conv/Conv_output_0_Conv_bias_packed,0x0063b910,c13c7e2639b6a57d7e78cd2f5ad3ce28,576
/model.4/cv2/conv/Conv_output_0_Conv_bias_packed,0x0063bb50,3472fc6751e2ca3c533367e175eb5459,2304
/model.8/m.0/m/m.1/cv1/act/Mul_output_0_Mul_table,0x0063c450,400a8a5eb4901a85e25217b2efca84b6,256
/model.19/m.0/m/m.1/cv2/conv/Conv_output_0_Conv_bias_packed,0x0063c550,481d726bd5292508ceb2f04251106cfa,576
/model.22/m.0/m.0.0/cv1/conv/Conv_output_0_Conv_filter_reordered,0x0063c790,cdb402152bdc918b3abee2e120dc5be1,294912
/model.2/cv2/act/Mul_output_0_Mul_table,0x00684790,b52b534b14a14faa211a72b9b4af02e8,256
/model.9/cv2/conv/Conv_output_0_Conv_filter_reordered,0x00684890,bb31fb6be965d9c7fc99c00cdfd0d52a,524288
/model.13/m.0/m/m.1/cv2/conv/Conv_output_0_Conv_bias_packed,0x00704890,1d829aa3ba6dc5c1fb2b38d8238bd456,576
/model.10/cv1/conv/Conv_output_0_Conv_bias_packed,0x00704ad0,dfd54c9f73a859256a4b511bcd9db2ae,4608
/model.16/m.0/m/m.0/cv2/conv/Conv_output_0_Conv_bias_packed,0x00705cd0,c65bf25d753943a4abfa970ed0b09fa1,288
/model.5/conv/Conv_output_0_Conv_bias_packed,0x00705df0,6a87e29bb6b90cddfdc991f440e9c882,2304
/model.11/Resize_output_0_Resize_filter_reordered,0x007066f0,3c019e2ed35244ecf93d6d9d230cf17d,2048
/model.8/m.0/cv2/conv/Conv_output_0_Conv_filter_reordered,0x00706ef0,2fa00c017e152820f86cac6535525441,32768
/model.19/m.0/cv3/conv/Conv_output_0_Conv_filter_reordered,0x0070eef0,dd5e0ed1dce7741cbda5b4b2b7a554a6,16384
/model.23/one2one_cv2.0/one2one_cv2.0.1/act/Mul_output_0_Mul_table,0x00712ef0,ece779833612b03d994e0a5f063fd163,256
/model.9/cv1/conv/Conv_output_0_Conv_bias_packed,0x00712ff0,efe405b549ea2dcc9813d02fbecd891e,2304
/model.8/m.0/cv1/conv/Conv_output_0_Conv_bias_packed,0x007138f0,e9771bfce7fe39c520947acc0f492ffa,1152
/model.20/conv/Conv_output_0_Conv_bias_packed,0x00713d70,6f81b4bf19b591dbc95d226673920720,2304
/model.6/cv1/act/Mul_output_0_Mul_table,0x00714670,53bf66fc701d00e6cc21a06341087b8a,256
/model.2/m.0/cv2/conv/Conv_output_0_Conv_filter_reordered,0x00714770,c99b73fd4c38b1348220dda6c556f847,4608
/model.6/m.0/m/m.0/cv2/conv/Conv_output_0_Conv_bias_packed,0x00715970,8a9f99ed3e473dd3f105cc9d88131438,576
/model.6/m.0/cv2/conv/Conv_output_0_Conv_filter_reordered,0x00715bb0,6c2d74745962f26ce7d9d6abd5058421,8192
/model.10/m/m.0/attn/qkv/conv/Conv_output_0_Conv_slice_2_filter_reordered,0x00717bb0,55e9af0f3212ea55687e5e85c24137a7,32768
/model.6/m.0/cv2/act/Mul_output_0_Mul_table,0x0071fbb0,510788d87ea39a2f8e19e0a205d70eed,256
/model.10/m/m.0/attn/proj/conv/Conv_output_0_Conv_bias_packed,0x0071fcb0,9e1567e7c397c6821517bdf5c336f5fa,2304
/model.8/m.0/cv1/conv/Conv_output_0_Conv_filter_reordered,0x007205b0,8247adeec164ab373761fe052b71b3a9,32768
/model.19/m.0/cv2/conv/Conv_output_0_Conv_filter_reordered,0x007285b0,ffc7ddf02406ed4783fbaced998eb426,8192
/model.19/m.0/m/m.1/cv1/conv/Conv_output_0_Conv_bias_packed,0x0072a5b0,1385ce4fa2779a1207a6f97c795c65d8,576
/model.22/m.0/m.0.0/cv2/conv/Conv_output_0_Conv_filter_reordered,0x0072a7f0,c98521935824480d575e5c99fa863de9,294912
/model.4/m.0/cv2/act/Mul_output_0_Mul_table,0x007727f0,66f6929ce3414db4be8cb3f901577491,256
/model.6/m.0/cv1/conv/Conv_output_0_Conv_bias_packed,0x007728f0,1bc7fa4d51044ef9c5fddeb1c8e7b55d,576
/model.6/m.0/cv3/conv/Conv_output_0_Conv_filter_reordered,0x00772b30,4dba0ffb89ba8f12ce09af479ecc6b51,16384
/model.20/act/Mul_output_0_Mul_table,0x00776b30,382bebb8841a6993256266bc4133d777,256
/model.8/cv1/conv/Conv_output_0_Conv_bias_packed,0x00776c30,b9a8b7dcc35d19a03449ac6092f0c112,4608
/model.6/m.0/m/m.0/cv1/conv/Conv_output_0_Conv_filter_reordered,0x00777e30,b5b8e4f866f0962926180426ad04ec93,36864
/model.6/m.0/m/m.1/cv1/conv/Conv_output_0_Conv_filter_reordered,0x00780e30,619fd0eaf131dad53eb8a7b74022ac4a,36864
/model.23/one2one_cv3.2/one2one_cv3.2.1/one2one_cv3.2.1.1/conv/Conv_output_0_Conv_filter_reordered,0x00789e30,8e6eaa3096da2d06af266a2e34559627,16384
/model.6/m.0/m/m.0/cv1/act/Mul_output_0_Mul_table,0x0078de30,6382406fb2e5840f798400e6577444ef,256
/model.6/m.0/m/m.0/cv2/act/Mul_output_0_Mul_table,0x0078df30,30e904bf5cdbcba979b0b5a1ab416438,256
/model.16/m.0/cv1/act/Mul_output_0_Mul_table,0x0078e030,f6968ed5ca1b0477d8f7724afefce9ea,256
/model.6/m.0/m/m.1/cv2/conv/Conv_output_0_Conv_filter_reordered,0x0078e130,1ab95a2dc8a268801e5e460a85d77a17,36864
/model.23/one2one_cv3.2/one2one_cv3.2.0/one2one_cv3.2.0.0/conv/Conv_output_0_Conv_bias_packed,0x00797130,7e52d923ab94c4f415d224fc456016a8,4608
/model.23/one2one_cv3.0/one2one_cv3.0.1/one2one_cv3.0.1.0/act/Mul_output_0_Mul_table,0x00798330,3b37898d68e0ec988d500ba8d5cfb6ab,256
/model.13/cv2/conv/Conv_output_0_Conv_filter_reordered,0x00798430,2f0424069ddf73cbde16a58ec2b59ee1,98304
/model.22/m.0/m.0.1/ffn/ffn.1/conv/Conv_output_0_Conv_bias_packed,0x007b0430,edf9521b6fdfddadf11fc4041ce50fad,2304
/model.13/cv1/conv/Conv_output_0_Conv_filter_reordered,0x007b0d30,bd45d2dc75a539802e5e48648323054c,196608
/model.16/m.0/m/m.0/cv2/act/Mul_output_0_Mul_table,0x007e0d30,1ed8746d7c2b16eef511d32911ab2154,256
/model.13/m.0/cv2/conv/Conv_output_0_Conv_bias_packed,0x007e0e30,7fcb2cf6c5ab03de7dfac2e2d49d44dc,576
/model.13/m.0/m/m.1/cv1/conv/Conv_output_0_Conv_bias_packed,0x007e1070,013f09d4f0a4050edcc57f5edf210de3,576
/model.16/m.0/m/m.0/cv1/conv/Conv_output_0_Conv_filter_reordered,0x007e12b0,00f384644b4e16e505ae5bf45d997d44,9216
/model.13/m.0/cv2/conv/Conv_output_0_Conv_filter_reordered,0x007e36b0,d434fa64c0be9d11c18beba099d1f726,8192
/model.23/one2one_cv3.1/one2one_cv3.1.0/one2one_cv3.1.0.0/conv/Conv_output_0_Conv_bias_packed,0x007e56b0,f8af412b5e353e28936f166976537101,2304
/model.13/m.0/cv1/conv/Conv_output_0_Conv_filter_reordered,0x007e5fb0,c38b2508e2fd9f4ba0a482e234cac0ad,8192
/model.13/m.0/cv1/conv/Conv_output_0_Conv_bias_packed,0x007e7fb0,720ae76e872a622f40e823832146bb84,576
/model.20/conv/Conv_output_0_Conv_filter_reordered,0x007e81f0,1d3f27e5f7a78fd0afc1d249b9528567,589824
/model.13/m.0/cv1/act/Mul_output_0_Mul_table,0x008781f0,b3645275745bf55c327db41dc673bb0a,256
/model.13/m.0/m/m.0/cv1/conv/Conv_output_0_Conv_bias_packed,0x008782f0,e55d78aecb4920277812ad73aaab6cfe,576
/model.16/m.0/m/m.0/cv1/conv/Conv_output_0_Conv_bias_packed,0x00878530,5286061ffe7d28b0d599adeee2dff258,288
/model.13/m.0/m/m.0/cv1/conv/Conv_output_0_Conv_filter_reordered,0x00878650,1cf1e6d3ea7410fd7f56a96ba9ae0c0f,36864
/model.10/m/m.0/attn/qkv/conv/Conv_output_0_Conv_slice_1_bias_packed,0x00881650,4d944a39b5418bd091857e03d0126f07,1152
/model.13/m.0/m/m.0/cv2/conv/Conv_output_0_Conv_filter_reordered,0x00881ad0,f47a2a1fa20e8675572089881e3bc33c,36864
/model.13/m.0/m/m.1/cv1/act/Mul_output_0_Mul_table,0x0088aad0,9716bc67642302c3b07f9e1315c46e29,256
/model.13/m.0/m/m.1/cv2/act/Mul_output_0_Mul_table,0x0088abd0,b2e127051724245d9955811801492e83,256
/model.13/m.0/cv3/conv/Conv_output_0_Conv_bias_packed,0x0088acd0,567b9a0477fdf64b7854a387b3438e32,1152
/model.23/one2one_cv3.1/one2one_cv3.1.1/one2one_cv3.1.1.1/conv/Conv_output_0_Conv_bias_packed,0x0088b150,80eedd8214dd61c5f06e71d48c5117c1,1152
/model.13/m.0/cv3/conv/Conv_output_0_Conv_filter_reordered,0x0088b5d0,5f34aa7b2de319ec09607f41d415d2e4,16384
/model.19/m.0/m/m.0/cv1/conv/Conv_output_0_Conv_bias_packed,0x0088f5d0,14841a532048082511275293552cac0f,576
/model.13/cv2/conv/Conv_output_0_Conv_bias_packed,0x0088f810,c5a92a8cbc23138a1826c842f9ec5010,2304
/model.19/m.0/cv1/conv/Conv_output_0_Conv_filter_reordered,0x00890110,0246b1b00c5a331e23c495ac697fac29,8192
/model.13/cv2/act/Mul_output_0_Mul_table,0x00892110,73823c428a49dfba03415aabc29d3f09,256
/model.16/m.0/m/m.0/cv1/act/Mul_output_0_Mul_table,0x00892210,01b54874cea62ee5642c04eedb8b6051,256
/model.19/cv2/act/Mul_output_0_Mul_table,0x00892310,1d26371715ea8228471fa8b733c80ff0,256
/model.14/Resize_output_0_Resize_filter_reordered,0x00892410,abfffc0e8d9fd5e9a93b677baa3a9f0e,1024
/model.0/conv/Conv_output_0_Conv_bias_packed,0x00892810,40d5cc413f2fc04742ef723bd6196cac,288
/model.16/cv1/conv/Conv_output_0_Conv_bias_packed,0x00892930,b39e8104180306c573d31dd0071da6ef,1152
/model.14/Resize_output_0_Resize_bias_packed,0x00892db0,06014bd5658e0c61008839955166ed0c,1280
/model.16/m.0/cv2/conv/Conv_output_0_Conv_bias_packed,0x008932b0,93775d3d4036167501642e7654aecc5b,288
/model.16/m.0/cv2/conv/Conv_output_0_Conv_filter_reordered,0x008933d0,5280f7e71220428c8b4f585f32da4f2f,2048
/model.13/cv1/act/Mul_output_0_Mul_table,0x00893bd0,82c55e240aa5e89b22e6261018a347b7,256
/model.16/m.0/cv2/act/Mul_output_0_Mul_table,0x00893cd0,51b22fa1d5036abc55e05aba62937e24,256
/model.23/one2one_cv2.2/one2one_cv2.2.2/Conv_output_0_Conv_filter_reordered,0x00893dd0,f0ca97ca418df341eb0c385782c377de,128
/model.13/m.0/m/m.0/cv2/conv/Conv_output_0_Conv_bias_packed,0x00893e50,e2a57942d45cbfe7383c2040a0dfb34a,576
/model.16/cv2/conv/Conv_output_0_Conv_filter_reordered,0x00894090,dc49fe5319ec7b2cf36a9f27a9b7b90e,24576
/model.23/one2one_cv3.1/one2one_cv3.1.0/one2one_cv3.1.0.0/conv/Conv_output_0_Conv_filter_reordered,0x0089a090,f5d69ee366d02214c5250811bb00ddad,2304
/model.1/conv/Conv_output_0_Conv_bias_packed,0x0089a990,03355e27ad9fab78b19bffb180324473,576
/model.16/m.0/cv1/conv/Conv_output_0_Conv_filter_reordered,0x0089abd0,8884bdf271750dd1342896b861231172,2048
/model.16/m.0/m/m.0/cv2/conv/Conv_output_0_Conv_filter_reordered,0x0089b3d0,a078f2d6d8bec753de3fa2a209ecb9fc,9216
/model.16/m.0/m/m.1/cv1/conv/Conv_output_0_Conv_bias_packed,0x0089d7d0,7ef7814a4a334655a385707152a49458,288
/model.16/cv1/act/Mul_output_0_Mul_table,0x0089d8f0,4db0efc6327915f08fd68e85158de171,256
/model.16/m.0/m/m.1/cv2/conv/Conv_output_0_Conv_bias_packed,0x0089d9f0,3734ab56ac8f8a65b48e3b6d265797a4,288
/model.16/m.0/m/m.1/cv2/conv/Conv_output_0_Conv_filter_reordered,0x0089db10,778b8d80db345141633a269304179233,9216
/model.16/m.0/m/m.1/cv2/act/Mul_output_0_Mul_table,0x0089ff10,6fcfe85be2c45c9dc774b5fccc6c1a99,256
/model.19/m.0/m/m.0/cv2/conv/Conv_output_0_Conv_bias_packed,0x008a0010,4e1ea2667d9ab8b2c724cea1ada089be,576
/model.6/m.0/m/m.1/cv1/act/Mul_output_0_Mul_table,0x008a0250,73a1c0e83eeb8c89449bab67afa16211,256
/model.23/one2one_cv3.0/one2one_cv3.0.0/one2one_cv3.0.0.0/conv/Conv_output_0_Conv_filter_reordered,0x008a0350,ce8db065c815186a6d18702100ed36ef,1152
/model.23/one2one_cv3.0/one2one_cv3.0.0/one2one_cv3.0.0.1/act/Mul_output_0_Mul_table,0x008a07d0,d74351efc13dbff5c3193fe3611af53f,256
/model.23/one2one_cv2.0/one2one_cv2.0.2/Conv_output_0_Conv_filter_reordered,0x008a08d0,6cb64a7d73a09e9355d1aa2287b63b3b,128
/model.16/m.0/cv3/conv/Conv_output_0_Conv_filter_reordered,0x008a0950,330eb31ae6ee5a83e011bbfca8ad0950,4096
/model.23/one2one_cv3.0/one2one_cv3.0.2/Conv_output_0_Conv_bias_packed,0x008a1950,aabf018ed18b9c8598304b6ee09190eb,9
/model.23/one2one_cv3.0/one2one_cv3.0.1/one2one_cv3.0.1.0/conv/Conv_output_0_Conv_filter_reordered,0x008a1960,988f5e47babe024bd4303bc08d5d4360,1152
/model.13/m.0/m/m.0/cv1/act/Mul_output_0_Mul_table,0x008a1de0,d8f51ffeb67aa684eaa966f42dfb0330,256
/model.23/one2one_cv3.0/one2one_cv3.0.1/one2one_cv3.0.1.1/conv/Conv_output_0_Conv_bias_packed,0x008a1ee0,d152a8d15e8a0b85537ad0eb37ab2e7c,1152
/model.23/one2one_cv3.0/one2one_cv3.0.1/one2one_cv3.0.1.1/conv/Conv_output_0_Conv_filter_reordered,0x008a2360,aae29edf99eec358459f18f135db4e50,16384
/model.23/one2one_cv3.0/one2one_cv3.0.2/Conv_output_0_Conv_filter_reordered,0x008a6360,7bcd58de8c6ad5554e4d67db6fd4b295,128
/model.19/m.0/cv2/conv/Conv_output_0_Conv_bias_packed,0x008a63e0,35eb8ea208f6474e50767746d0a2ac51,576
/model.23/one2one_cv2.0/one2one_cv2.0.0/conv/Conv_output_0_Conv_bias_packed,0x008a6620,4a1f4c7141db57999d76bc5e9441d6e1,288
/model.19/cv2/conv/Conv_output_0_Conv_bias_packed,0x008a6740,77ebd7f770dfff2224e3e2ab7063d0ca,2304
/model.23/one2one_cv2.0/one2one_cv2.0.0/conv/Conv_output_0_Conv_filter_reordered,0x008a7040,ca74928dfb91ed1782b4e5a7ab8c423a,36864
/model.23/one2one_cv2.0/one2one_cv2.0.1/conv/Conv_output_0_Conv_bias_packed,0x008b0040,2e8552f67f1fb905873b3398647d7324,288
/model.4/cv1/conv/Conv_output_0_Conv_filter_reordered,0x008b0160,040026d0bbce733b2b11457bbd299df2,16384
/model.17/conv/Conv_output_0_Conv_filter_reordered,0x008b4160,7cd39f7b0df4ef6e424b765c21ca1d7e,147456
/model.17/act/Mul_output_0_Mul_table,0x008d8160,94433e2a7ba683b200f58c63c5e295b7,256
/model.23/one2one_cv3.0/one2one_cv3.0.0/one2one_cv3.0.0.1/conv/Conv_output_0_Conv_filter_reordered,0x008d8260,83c34f4335678bc08134793c6807f5b9,16384
/model.19/cv1/conv/Conv_output_0_Conv_bias_packed,0x008dc260,4a9b66418a39622cabf8e383fbcfe7d4,2304
/model.19/cv1/conv/Conv_output_0_Conv_filter_reordered,0x008dcb60,e5f15a2baa262f260d461f31d8a12192,98304
/model.19/cv1/act/Mul_output_0_Mul_table,0x008f4b60,9be6459162cd13a2e2dde9c42b877947,256
/model.19/m.0/m/m.0/cv1/conv/Conv_output_0_Conv_filter_reordered,0x008f4c60,b55e14ad71df5ea7f922d2b0d6296e8c,36864
/model.23/one2one_cv2.0/one2one_cv2.0.0/act/Mul_output_0_Mul_table,0x008fdc60,b6aa5a8f3657c3868e065b785d5bbe3c,256
/model.1/conv/Conv_output_0_Conv_filter_reordered,0x008fdd60,243cf3b8b3a7baa1d7e6ad2d32161a6a,18432
/model.19/m.0/m/m.0/cv1/act/Mul_output_0_Mul_table,0x00902560,22c09c2b4bcde8e2475ca82920a3e309,256
/model.19/m.0/m/m.0/cv2/act/Mul_output_0_Mul_table,0x00902660,40d8dd0f66f1ab0f203508e1a70cd196,256
/model.19/m.0/m/m.1/cv2/conv/Conv_output_0_Conv_filter_reordered,0x00902760,46650eb15793843093f27a6ab201a5a2,36864
/model.23/one2one_cv3.1/one2one_cv3.1.2/Conv_output_0_Conv_bias_packed,0x0090b760,74c537e5ab44db771e96fadf3042cbc3,9
/model.19/m.0/m/m.1/cv2/act/Mul_output_0_Mul_table,0x0090b770,bbd29c3ee25909cc5eaf7cff78decc26,256
/model.8/m.0/cv1/act/Mul_output_0_Mul_table,0x0090b870,a323f32710cd1f9bf40169359e23e60a,256
/model.19/m.0/cv3/conv/Conv_output_0_Conv_bias_packed,0x0090b970,89b76be2407ee16327953626db69a90f,1152
/model.6/cv1/conv/Conv_output_0_Conv_bias_packed,0x0090bdf0,579b5ba6f45e19baf6cce61b57b3ba58,2304
/model.19/cv2/conv/Conv_output_0_Conv_filter_reordered,0x0090c6f0,72b28bd6cdfe3a85c21952f92a756672,98304
/model.19/m.0/cv2/act/Mul_output_0_Mul_table,0x009246f0,cd70491ccf91bd4a59f2f9ee7e545efb,256
/model.23/one2one_cv3.1/one2one_cv3.1.0/one2one_cv3.1.0.1/conv/Conv_output_0_Conv_filter_reordered,0x009247f0,a8a4911a3d47cfa1792322d9f6dac34b,32768
/model.23/one2one_cv3.1/one2one_cv3.1.0/one2one_cv3.1.0.1/act/Mul_output_0_Mul_table,0x0092c7f0,a0f8d22cba5ee1b52326f5ac012377c7,256
/model.23/one2one_cv3.1/one2one_cv3.1.1/one2one_cv3.1.1.0/conv/Conv_output_0_Conv_bias_packed,0x0092c8f0,f72c0c307e6e9962f5648151131bfe9f,1152
/model.16/m.0/m/m.1/cv1/conv/Conv_output_0_Conv_filter_reordered,0x0092cd70,394f81682819cb794c6ea881ee018b13,9216
/model.23/one2one_cv3.1/one2one_cv3.1.1/one2one_cv3.1.1.1/act/Mul_output_0_Mul_table,0x0092f170,67518704ef931c59f671a29b0f23d3ad,256
/model.23/one2one_cv3.1/one2one_cv3.1.2/Conv_output_0_Conv_filter_reordered,0x0092f270,1fbcf62246e56e7a9016af015bf1e79e,128
/model.23/one2one_cv2.1/one2one_cv2.1.0/conv/Conv_output_0_Conv_bias_packed,0x0092f2f0,c26dad7d5f9c4c5332f37189d7971f36,288
/model.23/one2one_cv2.1/one2one_cv2.1.1/conv/Conv_output_0_Conv_bias_packed,0x0092f410,31ab2d3123ea59bffaf4e60db78c7299,288
/model.4/cv2/act/Mul_output_0_Mul_table,0x0092f530,5da7542fc1353ea9202393aaa248c0c8,256
/model.23/one2one_cv2.1/one2one_cv2.1.1/act/Mul_output_0_Mul_table,0x0092f630,5462b0c7f33a973570f3695f6141fd05,256
